,gene,tier
1,AAMP,Tier1
2,AARS1,Tier1
3,AATF,Tier1
4,ABCE1,Tier1
5,ACTL6A,Tier1
6,ACTR10,Tier1
7,ACTR2,Tier1
8,ACTR6,Tier1
9,ACTR8,Tier1
10,AFG3L2,Tier1
11,AGAP6,Tier1
12,AHCTF1,Tier1
13,AKIRIN2,Tier1
14,ALDOA,Tier1
15,ALG1,Tier1
16,ALG11,Tier1
17,ALG14,Tier1
18,ALG1L,Tier1
19,ALG2,Tier1
20,ALYREF,Tier1
21,ANAPC1,Tier1
22,ANAPC10,Tier1
23,ANAPC11,Tier1
24,ANAPC2,Tier1
25,ANAPC4,Tier1
26,ANAPC5,Tier1
27,ANKLE2,Tier1
28,AQR,Tier1
29,ARCN1,Tier1
30,ARGLU1,Tier1
31,ARIH1,Tier1
32,ARL2,Tier1
33,ARMC7,Tier1
34,ATP2A2,Tier1
35,ATP6V0B,Tier1
36,ATP6V0C,Tier1
37,ATP6V0D1,Tier1
38,ATP6V1A,Tier1
39,ATP6V1B2,Tier1
40,ATP6V1C1,Tier1
41,ATP6V1D,Tier1
42,ATP6V1E1,Tier1
43,ATP6V1F,Tier1
44,ATP6V1G1,Tier1
45,ATP6V1H,Tier1
46,ATR,Tier1
47,AURKA,Tier1
48,AURKB,Tier1
49,BANF1,Tier1
50,BANP,Tier1
51,BCAS2,Tier1
52,BCLAF1,Tier1
53,BIRC5,Tier1
54,BMS1,Tier1
55,BOP1,Tier1
56,BRD4,Tier1
57,BRF1,Tier1
58,BRF2,Tier1
59,BRIX1,Tier1
60,BUB1B,Tier1
61,BUB3,Tier1
62,BUD13,Tier1
63,BUD23,Tier1
64,BUD31,Tier1
65,BYSL,Tier1
66,C1orf109,Tier1
67,C1orf131,Tier1
68,CACTIN,Tier1
69,CAPZB,Tier1
70,CARS1,Tier1
71,CCDC59,Tier1
72,CCDC86,Tier1
73,CCNA2,Tier1
74,CCNH,Tier1
75,CCNK,Tier1
76,CCT2,Tier1
77,CCT3,Tier1
78,CCT4,Tier1
79,CCT5,Tier1
80,CCT6A,Tier1
81,CCT7,Tier1
82,CCT8,Tier1
83,CDC123,Tier1
84,CDC16,Tier1
85,CDC20,Tier1
86,CDC23,Tier1
87,CDC26,Tier1
88,CDC27,Tier1
89,CDC37,Tier1
90,CDC40,Tier1
91,CDC42,Tier1
92,CDC45,Tier1
93,CDC5L,Tier1
94,CDC6,Tier1
95,CDC7,Tier1
96,CDC73,Tier1
97,CDCA5,Tier1
98,CDCA8,Tier1
99,CDK1,Tier1
100,CDK7,Tier1
101,CDK9,Tier1
102,CDT1,Tier1
103,CEBPZ,Tier1
104,CENPA,Tier1
105,CENPC,Tier1
106,CENPE,Tier1
107,CENPK,Tier1
108,CENPM,Tier1
109,CENPN,Tier1
110,CENPW,Tier1
111,CFAP298,Tier1
112,CHAF1A,Tier1
113,CHAF1B,Tier1
114,CHCHD4,Tier1
115,CHEK1,Tier1
116,CHERP,Tier1
117,CHMP2A,Tier1
118,CHMP6,Tier1
119,CHORDC1,Tier1
120,CIAO2B,Tier1
121,CIAO3,Tier1
122,CIAPIN1,Tier1
123,CINP,Tier1
124,CKAP5,Tier1
125,CLNS1A,Tier1
126,CLP1,Tier1
127,CLSPN,Tier1
128,CLTC,Tier1
129,CMPK1,Tier1
130,CMTR1,Tier1
131,CNOT3,Tier1
132,COG3,Tier1
133,COPA,Tier1
134,COPB1,Tier1
135,COPB2,Tier1
136,COPE,Tier1
137,COPG1,Tier1
138,COPS2,Tier1
139,COPS4,Tier1
140,COPS5,Tier1
141,COPS6,Tier1
142,COPS8,Tier1
143,COPZ1,Tier1
144,COX17,Tier1
145,CPSF1,Tier1
146,CPSF2,Tier1
147,CPSF3,Tier1
148,CRCP,Tier1
149,CRNKL1,Tier1
150,CSE1L,Tier1
151,CSNK1A1,Tier1
152,CSNK2B,Tier1
153,CSTF3,Tier1
154,CTCF,Tier1
155,CTDP1,Tier1
156,CTNNBL1,Tier1
157,CTR9,Tier1
158,CUL1,Tier1
159,CWC22,Tier1
160,CYCS,Tier1
161,DAD1,Tier1
162,DARS1,Tier1
163,DBF4,Tier1
164,DBR1,Tier1
165,DCTN2,Tier1
166,DCTN3,Tier1
167,DCTN5,Tier1
168,DCTN6,Tier1
169,DDB1,Tier1
170,DDOST,Tier1
171,DDX10,Tier1
172,DDX11,Tier1
173,DDX18,Tier1
174,DDX20,Tier1
175,DDX21,Tier1
176,DDX23,Tier1
177,DDX24,Tier1
178,DDX27,Tier1
179,DDX41,Tier1
180,DDX46,Tier1
181,DDX47,Tier1
182,DDX49,Tier1
183,DDX54,Tier1
184,DDX56,Tier1
185,DDX59,Tier1
186,DDX6,Tier1
187,DENR,Tier1
188,DHDDS,Tier1
189,DHPS,Tier1
190,DHX15,Tier1
191,DHX16,Tier1
192,DHX36,Tier1
193,DHX37,Tier1
194,DHX8,Tier1
195,DHX9,Tier1
196,DMAP1,Tier1
197,DNAJA3,Tier1
198,DNAJC17,Tier1
199,DNAJC8,Tier1
200,DNM2,Tier1
201,DONSON,Tier1
202,DPH3,Tier1
203,DSN1,Tier1
204,DTL,Tier1
205,DTYMK,Tier1
206,DUT,Tier1
207,DYNC1H1,Tier1
208,DYNC1I2,Tier1
209,DYNLRB1,Tier1
210,EBNA1BP2,Tier1
211,ECD,Tier1
212,ECT2,Tier1
213,EEF1A1,Tier1
214,EEF1B2,Tier1
215,EEF1G,Tier1
216,EEF2,Tier1
217,EEF2KMT,Tier1
218,EFL1,Tier1
219,EFTUD2,Tier1
220,EIF1,Tier1
221,EIF2B2,Tier1
222,EIF2B3,Tier1
223,EIF2B4,Tier1
224,EIF2B5,Tier1
225,EIF2S1,Tier1
226,EIF2S2,Tier1
227,EIF3A,Tier1
228,EIF3B,Tier1
229,EIF3D,Tier1
230,EIF3E,Tier1
231,EIF3F,Tier1
232,EIF3G,Tier1
233,EIF3I,Tier1
234,EIF3M,Tier1
235,EIF4A1,Tier1
236,EIF4A3,Tier1
237,EIF4E,Tier1
238,EIF4G1,Tier1
239,EIF5,Tier1
240,EIF5A,Tier1
241,EIF6,Tier1
242,ELAC2,Tier1
243,ELL,Tier1
244,ELOB,Tier1
245,ELOC,Tier1
246,ELP1,Tier1
247,ELP3,Tier1
248,ELP5,Tier1
249,ERCC2,Tier1
250,ERCC3,Tier1
251,ERH,Tier1
252,ESF1,Tier1
253,ESPL1,Tier1
254,ESS2,Tier1
255,ETF1,Tier1
256,EWSR1,Tier1
257,EXOSC2,Tier1
258,EXOSC3,Tier1
259,EXOSC4,Tier1
260,EXOSC5,Tier1
261,EXOSC7,Tier1
262,EXOSC8,Tier1
263,EXOSC9,Tier1
264,FAM32A,Tier1
265,FAM86B1,Tier1
266,FARSA,Tier1
267,FARSB,Tier1
268,FAU,Tier1
269,FBL,Tier1
270,FBXO5,Tier1
271,FCF1,Tier1
272,FDX2,Tier1
273,FIP1L1,Tier1
274,FNTA,Tier1
275,FNTB,Tier1
276,FOXD4,Tier1
277,GABPA,Tier1
278,GARS1,Tier1
279,GBF1,Tier1
280,GEMIN4,Tier1
281,GEMIN5,Tier1
282,GEMIN6,Tier1
283,GEMIN7,Tier1
284,GGPS1,Tier1
285,GGTLC2,Tier1
286,GINS1,Tier1
287,GINS2,Tier1
288,GINS3,Tier1
289,GINS4,Tier1
290,GMPPB,Tier1
291,GNL2,Tier1
292,GNL3,Tier1
293,GOSR2,Tier1
294,GPN1,Tier1
295,GPN2,Tier1
296,GPN3,Tier1
297,GPS1,Tier1
298,GRPEL1,Tier1
299,GRWD1,Tier1
300,GSPT1,Tier1
301,GTF2A1,Tier1
302,GTF2A2,Tier1
303,GTF2B,Tier1
304,GTF2E1,Tier1
305,GTF2E2,Tier1
306,GTF2F2,Tier1
307,GTF2H1,Tier1
308,GTF3A,Tier1
309,GTF3C1,Tier1
310,GTF3C2,Tier1
311,GTPBP4,Tier1
312,GUK1,Tier1
313,H2AZ1,Tier1
314,HAUS1,Tier1
315,HAUS3,Tier1
316,HAUS4,Tier1
317,HAUS5,Tier1
318,HAUS6,Tier1
319,HAUS8,Tier1
320,HDAC3,Tier1
321,HEATR1,Tier1
322,HINFP,Tier1
323,H2AC17,Tier1
324,H2BC3,Tier1
325,H2BC4,Tier1
326,H2BC6,Tier1
327,H2BC7,Tier1
328,H2BC9,Tier1
329,H2BC11,Tier1
330,H2BC13,Tier1
331,H2BC15,Tier1
332,H3C13,Tier1
333,HJURP,Tier1
334,HMGA1,Tier1
335,HMGCR,Tier1
336,HMGCS1,Tier1
337,HNRNPC,Tier1
338,HNRNPH1,Tier1
339,HNRNPK,Tier1
340,HNRNPL,Tier1
341,HNRNPM,Tier1
342,HNRNPU,Tier1
343,HSPA5,Tier1
344,HSPA8,Tier1
345,HSPA9,Tier1
346,HSPE1,Tier1
347,HYPK,Tier1
348,IARS1,Tier1
349,ICE1,Tier1
350,IFITM3,Tier1
351,ILF2,Tier1
352,ILF3,Tier1
353,IMP3,Tier1
354,IMP4,Tier1
355,INCENP,Tier1
356,INTS1,Tier1
357,INTS11,Tier1
358,INTS2,Tier1
359,INTS3,Tier1
360,INTS4,Tier1
361,INTS5,Tier1
362,INTS7,Tier1
363,INTS8,Tier1
364,INTS9,Tier1
365,IPO11,Tier1
366,IPO13,Tier1
367,ISCU,Tier1
368,ISG20L2,Tier1
369,ISY1,Tier1
370,KANSL2,Tier1
371,KANSL3,Tier1
372,KARS1,Tier1
373,KAT8,Tier1
374,KCMF1,Tier1
375,KIF11,Tier1
376,KIF18A,Tier1
377,KIF23,Tier1
378,KIN,Tier1
379,KNL1,Tier1
380,KPNB1,Tier1
381,KRR1,Tier1
382,KRT8,Tier1
383,LARS1,Tier1
384,LCE1A,Tier1
385,LCE1E,Tier1
386,LETM1,Tier1
387,LIN52,Tier1
388,LONP1,Tier1
389,LSG1,Tier1
390,LSM11,Tier1
391,LSM2,Tier1
392,LSM3,Tier1
393,LSM4,Tier1
394,LSM5,Tier1
395,LSM6,Tier1
396,LSM7,Tier1
397,LTO1,Tier1
398,LTV1,Tier1
399,LUC7L3,Tier1
400,LYRM4,Tier1
401,MAD2L1,Tier1
402,MAD2L2,Tier1
403,MAK16,Tier1
404,MARS1,Tier1
405,MASTL,Tier1
406,MAT2A,Tier1
407,MAX,Tier1
408,MCM2,Tier1
409,MCM3,Tier1
410,MCM3AP,Tier1
411,MCM4,Tier1
412,MCM5,Tier1
413,MCM6,Tier1
414,MCM7,Tier1
415,MDN1,Tier1
416,MED11,Tier1
417,MED17,Tier1
418,MED18,Tier1
419,MED20,Tier1
420,MED21,Tier1
421,MED27,Tier1
422,MED28,Tier1
423,MED30,Tier1
424,MED31,Tier1
425,MED4,Tier1
426,MED6,Tier1
427,MED7,Tier1
428,MED9,Tier1
429,MEPCE,Tier1
430,METTL14,Tier1
431,METTL16,Tier1
432,MFAP1,Tier1
433,MIS18A,Tier1
434,MIS18BP1,Tier1
435,MMS22L,Tier1
436,MPHOSPH10,Tier1
437,MRGBP,Tier1
438,MRPL34,Tier1
439,MRPS14,Tier1
440,MRPS21,Tier1
441,MST1,Tier1
442,MTBP,Tier1
443,MTOR,Tier1
444,MTREX,Tier1
445,MYBBP1A,Tier1
446,MYC,Tier1
447,MZT1,Tier1
448,NAA15,Tier1
449,NAA20,Tier1
450,NAA50,Tier1
451,NACA,Tier1
452,NAPA,Tier1
453,NAPG,Tier1
454,NARS1,Tier1
455,NAT10,Tier1
456,NCAPD3,Tier1
457,NCAPG,Tier1
458,NCAPG2,Tier1
459,NCAPH,Tier1
460,NCAPH2,Tier1
461,NCBP1,Tier1
462,NCBP2,Tier1
463,NCL,Tier1
464,NDC80,Tier1
465,NDOR1,Tier1
466,NDUFB3,Tier1
467,NEDD1,Tier1
468,NEDD8,Tier1
469,NELFA,Tier1
470,NELFB,Tier1
471,NEPRO,Tier1
472,NFYC,Tier1
473,NHP2,Tier1
474,NIFK,Tier1
475,NIP7,Tier1
476,NLE1,Tier1
477,NMD3,Tier1
478,NOB1,Tier1
479,NOC2L,Tier1
480,NOC3L,Tier1
481,NOL10,Tier1
482,NOL12,Tier1
483,NOL6,Tier1
484,NOL7,Tier1
485,NOL9,Tier1
486,NOM1,Tier1
487,NOP10,Tier1
488,NOP14,Tier1
489,NOP16,Tier1
490,NOP53,Tier1
491,NOP56,Tier1
492,NOP58,Tier1
493,NPAT,Tier1
494,NPIPA5,Tier1
495,NPLOC4,Tier1
496,NPM1,Tier1
497,NRBP1,Tier1
498,NRDE2,Tier1
499,NRF1,Tier1
500,NSA2,Tier1
501,NSF,Tier1
502,NSL1,Tier1
503,NSMCE3,Tier1
504,NUBP1,Tier1
505,NUDC,Tier1
506,NUDT21,Tier1
507,NUF2,Tier1
508,NUP133,Tier1
509,NUP153,Tier1
510,NUP155,Tier1
511,NUP160,Tier1
512,NUP205,Tier1
513,NUP214,Tier1
514,NUP43,Tier1
515,NUP54,Tier1
516,NUP62,Tier1
517,NUP85,Tier1
518,NUP93,Tier1
519,NUP98,Tier1
520,NUS1,Tier1
521,NUTF2,Tier1
522,NVL,Tier1
523,OIP5,Tier1
524,OPA1,Tier1
525,ORC1,Tier1
526,ORC6,Tier1
527,OSGEP,Tier1
528,OSTC,Tier1
529,OTOP1,Tier1
530,PABPC1,Tier1
531,PABPN1,Tier1
532,PAFAH1B1,Tier1
533,PAK1IP1,Tier1
534,PAM16,Tier1
535,PAXBP1,Tier1
536,PCBP1,Tier1
537,PCBP2,Tier1
538,PCF11,Tier1
539,PCID2,Tier1
540,PCNA,Tier1
541,PDCD11,Tier1
542,PDCD7,Tier1
543,PDPK1,Tier1
544,PDRG1,Tier1
545,PELP1,Tier1
546,PES1,Tier1
547,PFDN2,Tier1
548,PFDN6,Tier1
549,PHAX,Tier1
550,PHB,Tier1
551,PHB2,Tier1
552,PHF5A,Tier1
553,PIK3C3,Tier1
554,PKM,Tier1
555,PKMYT1,Tier1
556,PLK1,Tier1
557,PLK4,Tier1
558,PLRG1,Tier1
559,PMF1,Tier1
560,PMPCA,Tier1
561,PMPCB,Tier1
562,PNN,Tier1
563,PNPT1,Tier1
564,POLA2,Tier1
565,POLD1,Tier1
566,POLD2,Tier1
567,POLD3,Tier1
568,POLE,Tier1
569,POLE2,Tier1
570,POLR1A,Tier1
571,POLR1B,Tier1
572,POLR1C,Tier1
573,POLR1E,Tier1
574,POLR2B,Tier1
575,POLR2C,Tier1
576,POLR2D,Tier1
577,POLR2E,Tier1
578,POLR2F,Tier1
579,POLR2G,Tier1
580,POLR2H,Tier1
581,POLR2I,Tier1
582,POLR2K,Tier1
583,POLR2L,Tier1
584,POLR3A,Tier1
585,POLR3B,Tier1
586,POLR3C,Tier1
587,POLR3E,Tier1
588,POLR3F,Tier1
589,POLR3K,Tier1
590,POP1,Tier1
591,POP4,Tier1
592,POP5,Tier1
593,PPA1,Tier1
594,PPAN,Tier1
595,PPIA,Tier1
596,PPIL2,Tier1
597,PPIL4,Tier1
598,PPP1CB,Tier1
599,PPP1R11,Tier1
600,PPP1R12A,Tier1
601,PPP1R2,Tier1
602,PPP1R7,Tier1
603,PPP1R8,Tier1
604,PPP2R1A,Tier1
605,PPP4C,Tier1
606,PPWD1,Tier1
607,PRC1,Tier1
608,PREB,Tier1
609,PRELID1,Tier1
610,PRELID3B,Tier1
611,PRIM1,Tier1
612,PRMT1,Tier1
613,PRMT5,Tier1
614,PRPF18,Tier1
615,PRPF19,Tier1
616,PRPF31,Tier1
617,PRPF38A,Tier1
618,PRPF38B,Tier1
619,PRPF4,Tier1
620,PRPF40A,Tier1
621,PRPF6,Tier1
622,PRPF8,Tier1
623,PSMA1,Tier1
624,PSMA2,Tier1
625,PSMA3,Tier1
626,PSMA4,Tier1
627,PSMA5,Tier1
628,PSMA6,Tier1
629,PSMA7,Tier1
630,PSMB1,Tier1
631,PSMB2,Tier1
632,PSMB3,Tier1
633,PSMB4,Tier1
634,PSMB5,Tier1
635,PSMB6,Tier1
636,PSMB7,Tier1
637,PSMC1,Tier1
638,PSMC2,Tier1
639,PSMC3,Tier1
640,PSMC4,Tier1
641,PSMC6,Tier1
642,PSMD1,Tier1
643,PSMD11,Tier1
644,PSMD12,Tier1
645,PSMD13,Tier1
646,PSMD14,Tier1
647,PSMD2,Tier1
648,PSMD3,Tier1
649,PSMD4,Tier1
650,PSMD6,Tier1
651,PSMD7,Tier1
652,PSMD8,Tier1
653,PSMG3,Tier1
654,PSMG4,Tier1
655,PUF60,Tier1
656,PWP1,Tier1
657,PWP2,Tier1
658,PYROXD1,Tier1
659,RABGGTA,Tier1
660,RABGGTB,Tier1
661,RAC1,Tier1
662,RACGAP1,Tier1
663,RACK1,Tier1
664,RAD17,Tier1
665,RAD21,Tier1
666,RAD51,Tier1
667,RAE1,Tier1
668,RAMAC,Tier1
669,RAN,Tier1
670,RANGAP1,Tier1
671,RARS1,Tier1
672,RBBP4,Tier1
673,RBBP5,Tier1
674,RBBP6,Tier1
675,RBBP8,Tier1
676,RBM14,Tier1
677,RBM17,Tier1
678,RBM19,Tier1
679,RBM22,Tier1
680,RBM25,Tier1
681,RBM8A,Tier1
682,RBMXL1,Tier1
683,RBX1,Tier1
684,RCC1,Tier1
685,RCL1,Tier1
686,RFC2,Tier1
687,RFC3,Tier1
688,RFC4,Tier1
689,RFC5,Tier1
690,RFT1,Tier1
691,RHEB,Tier1
692,RHOQ,Tier1
693,RINT1,Tier1
694,RIOK1,Tier1
695,RIOK2,Tier1
696,RNF20,Tier1
697,RNGTT,Tier1
698,RNMT,Tier1
699,RNPC3,Tier1
700,RNPS1,Tier1
701,RPA1,Tier1
702,RPA2,Tier1
703,RPA3,Tier1
704,RPAP1,Tier1
705,RPAP2,Tier1
706,RPAP3,Tier1
707,RPE,Tier1
708,RPF1,Tier1
709,RPF2,Tier1
710,RPL10A,Tier1
711,RPL11,Tier1
712,RPL12,Tier1
713,RPL13,Tier1
714,RPL13A,Tier1
715,RPL14,Tier1
716,RPL15,Tier1
717,RPL17,Tier1
718,RPL18,Tier1
719,RPL18A,Tier1
720,RPL19,Tier1
721,RPL21,Tier1
722,RPL22,Tier1
723,RPL23,Tier1
724,RPL23A,Tier1
725,RPL24,Tier1
726,RPL26,Tier1
727,RPL27,Tier1
728,RPL27A,Tier1
729,RPL28,Tier1
730,RPL3,Tier1
731,RPL30,Tier1
732,RPL31,Tier1
733,RPL32,Tier1
734,RPL34,Tier1
735,RPL35,Tier1
736,RPL35A,Tier1
737,RPL36,Tier1
738,RPL37,Tier1
739,RPL37A,Tier1
740,RPL38,Tier1
741,RPL4,Tier1
742,RPL5,Tier1
743,RPL6,Tier1
744,RPL7,Tier1
745,RPL7A,Tier1
746,RPL7L1,Tier1
747,RPL8,Tier1
748,RPL9,Tier1
749,RPLP0,Tier1
750,RPLP1,Tier1
751,RPLP2,Tier1
752,RPN1,Tier1
753,RPN2,Tier1
754,RPP14,Tier1
755,RPP21,Tier1
756,RPP30,Tier1
757,RPP38,Tier1
758,RPS10,Tier1
759,RPS11,Tier1
760,RPS12,Tier1
761,RPS13,Tier1
762,RPS14,Tier1
763,RPS15,Tier1
764,RPS15A,Tier1
765,RPS16,Tier1
766,RPS18,Tier1
767,RPS19,Tier1
768,RPS2,Tier1
769,RPS20,Tier1
770,RPS21,Tier1
771,RPS23,Tier1
772,RPS24,Tier1
773,RPS27A,Tier1
774,RPS28,Tier1
775,RPS3,Tier1
776,RPS5,Tier1
777,RPS6,Tier1
778,RPS7,Tier1
779,RPS8,Tier1
780,RPS9,Tier1
781,RPSA,Tier1
782,RRM1,Tier1
783,RRN3,Tier1
784,RRP1,Tier1
785,RRP15,Tier1
786,RRP7A,Tier1
787,RRP9,Tier1
788,RRS1,Tier1
789,RSL1D1,Tier1
790,RSL24D1,Tier1
791,RTCB,Tier1
792,RTF1,Tier1
793,RTF2,Tier1
794,RUVBL2,Tier1
795,SACM1L,Tier1
796,SAE1,Tier1
797,SAMM50,Tier1
798,SAP18,Tier1
799,SAP30BP,Tier1
800,SARS1,Tier1
801,SART3,Tier1
802,SASS6,Tier1
803,SBDS,Tier1
804,SBNO1,Tier1
805,SCFD1,Tier1
806,SDAD1,Tier1
807,SDE2,Tier1
808,SDHC,Tier1
809,SEC13,Tier1
810,SEC61G,Tier1
811,SEH1L,Tier1
812,SEM1,Tier1
813,SENP6,Tier1
814,SETD1A,Tier1
815,SF1,Tier1
816,SF3A1,Tier1
817,SF3A2,Tier1
818,SF3A3,Tier1
819,SF3B1,Tier1
820,SF3B2,Tier1
821,SF3B3,Tier1
822,SF3B4,Tier1
823,SF3B5,Tier1
824,SFPQ,Tier1
825,SGO1,Tier1
826,SHQ1,Tier1
827,SIN3A,Tier1
828,SKA1,Tier1
829,SKP1,Tier1
830,SLC35B1,Tier1
831,SLC39A7,Tier1
832,SLC7A6OS,Tier1
833,SLC9B1,Tier1
834,SLU7,Tier1
835,SMC2,Tier1
836,SMC3,Tier1
837,SMC4,Tier1
838,SMC5,Tier1
839,SMC6,Tier1
840,SMG1,Tier1
841,SMG5,Tier1
842,SMNDC1,Tier1
843,SMU1,Tier1
844,SNAPC1,Tier1
845,SNAPC2,Tier1
846,SNAPC3,Tier1
847,SNAPC4,Tier1
848,SNAPC5,Tier1
849,SNF8,Tier1
850,SNRNP200,Tier1
851,SNRNP27,Tier1
852,SNRNP35,Tier1
853,SNRNP70,Tier1
854,SNRPA1,Tier1
855,SNRPB,Tier1
856,SNRPC,Tier1
857,SNRPD1,Tier1
858,SNRPD2,Tier1
859,SNRPD3,Tier1
860,SNRPE,Tier1
861,SNRPF,Tier1
862,SNRPG,Tier1
863,SNU13,Tier1
864,SNUPN,Tier1
865,SNW1,Tier1
866,SOD1,Tier1
867,SPATA5,Tier1
868,SPATA5L1,Tier1
869,SPC24,Tier1
870,SPC25,Tier1
871,SPCS2,Tier1
872,SPCS3,Tier1
873,SPDL1,Tier1
874,SPOUT1,Tier1
875,SPRTN,Tier1
876,SRBD1,Tier1
877,SRCAP,Tier1
878,SRFBP1,Tier1
879,SRP14,Tier1
880,SRP19,Tier1
881,SRP54,Tier1
882,SRP68,Tier1
883,SRP9,Tier1
884,SRPRA,Tier1
885,SRRM1,Tier1
886,SRRT,Tier1
887,SRSF1,Tier1
888,SRSF11,Tier1
889,SRSF2,Tier1
890,SRSF3,Tier1
891,SRSF7,Tier1
892,SS18L2,Tier1
893,SSB,Tier1
894,SSRP1,Tier1
895,SSU72,Tier1
896,STRAP,Tier1
897,STX18,Tier1
898,SUGP1,Tier1
899,SUPT16H,Tier1
900,SUPT5H,Tier1
901,SUPT6H,Tier1
902,SUPV3L1,Tier1
903,SYF2,Tier1
904,SYMPK,Tier1
905,SYS1,Tier1
906,TAF10,Tier1
907,TAF1B,Tier1
908,TAF1C,Tier1
909,TAF2,Tier1
910,TAF6,Tier1
911,TAF7,Tier1
912,TANGO6,Tier1
913,TARDBP,Tier1
914,TARS1,Tier1
915,TBCA,Tier1
916,TBCB,Tier1
917,TBCD,Tier1
918,TBL3,Tier1
919,TCP1,Tier1
920,TERF1,Tier1
921,TEX10,Tier1
922,TFIP11,Tier1
923,TGS1,Tier1
924,THAP1,Tier1
925,THOC1,Tier1
926,THOC3,Tier1
927,THOC5,Tier1
928,THOC7,Tier1
929,TICRR,Tier1
930,TIMELESS,Tier1
931,TIMM10,Tier1
932,TIMM13,Tier1
933,TIMM44,Tier1
934,TIMM9,Tier1
935,TINF2,Tier1
936,TIPIN,Tier1
937,TMA16,Tier1
938,TNPO3,Tier1
939,TOMM22,Tier1
940,TOMM40,Tier1
941,TONSL,Tier1
942,TOP1,Tier1
943,TOP2A,Tier1
944,TOP3A,Tier1
945,TOPBP1,Tier1
946,TP53RK,Tier1
947,TPR,Tier1
948,TPX2,Tier1
949,TRAPPC1,Tier1
950,TRAPPC11,Tier1
951,TRAPPC3,Tier1
952,TRAPPC5,Tier1
953,TRAPPC8,Tier1
954,TRIAP1,Tier1
955,TRMT112,Tier1
956,TRNT1,Tier1
957,TRRAP,Tier1
958,TSG101,Tier1
959,TSR1,Tier1
960,TTC1,Tier1
961,TTC27,Tier1
962,TTI1,Tier1
963,TTI2,Tier1
964,TTK,Tier1
965,TUBA1B,Tier1
966,TUBA1C,Tier1
967,TUBB,Tier1
968,TUBG1,Tier1
969,TUBGCP2,Tier1
970,TUBGCP3,Tier1
971,TUBGCP4,Tier1
972,TUBGCP5,Tier1
973,TUBGCP6,Tier1
974,TUT1,Tier1
975,TWISTNB,Tier1
976,TXN,Tier1
977,TXNL4A,Tier1
978,TXNL4B,Tier1
979,U2AF1,Tier1
980,U2AF2,Tier1
981,U2SURP,Tier1
982,UBA2,Tier1
983,UBA3,Tier1
984,UBA52,Tier1
985,UBB,Tier1
986,UBE2D3,Tier1
987,UBE2I,Tier1
988,UBE2L3,Tier1
989,UBE2M,Tier1
990,UBL5,Tier1
991,UBTF,Tier1
992,UFD1,Tier1
993,UPF1,Tier1
994,UPF2,Tier1
995,UQCRFS1,Tier1
996,UQCRH,Tier1
997,URB1,Tier1
998,URI1,Tier1
999,USP10,Tier1
1000,USP17L5,Tier1
1001,USP36,Tier1
1002,USP39,Tier1
1003,USP5,Tier1
1004,USP8,Tier1
1005,USPL1,Tier1
1006,UTP11,Tier1
1007,UTP15,Tier1
1008,UTP18,Tier1
1009,UTP20,Tier1
1010,UTP25,Tier1
1011,UTP3,Tier1
1012,UTP4,Tier1
1013,UTP6,Tier1
1014,VARS1,Tier1
1015,VCP,Tier1
1016,VIRMA,Tier1
1017,VPS18,Tier1
1018,VPS25,Tier1
1019,VPS28,Tier1
1020,WARS1,Tier1
1021,WBP11,Tier1
1022,WDHD1,Tier1
1023,WDR12,Tier1
1024,WDR18,Tier1
1025,WDR25,Tier1
1026,WDR3,Tier1
1027,WDR33,Tier1
1028,WDR43,Tier1
1029,WDR5,Tier1
1030,WDR61,Tier1
1031,WDR7,Tier1
1032,WDR70,Tier1
1033,WDR75,Tier1
1034,WDR77,Tier1
1035,WDR82,Tier1
1036,WEE1,Tier1
1037,XAB2,Tier1
1038,XPO1,Tier1
1039,XRCC5,Tier1
1040,XRCC6,Tier1
1041,XRN2,Tier1
1042,YAE1,Tier1
1043,YARS1,Tier1
1044,YARS2,Tier1
1045,YBX1,Tier1
1046,YJU2,Tier1
1047,YKT6,Tier1
1048,YRDC,Tier1
1049,YY1,Tier1
1050,ZBTB17,Tier1
1051,ZC3H8,Tier1
1052,ZCCHC9,Tier1
1053,ZMAT2,Tier1
1054,ZMAT5,Tier1
1055,ZNF131,Tier1
1056,ZNF207,Tier1
1057,ZNF335,Tier1
1058,ZNF407,Tier1
1059,ZNF492,Tier1
1060,ZNF830,Tier1
1061,ZPR1,Tier1
1062,ABCF1,Tier2
1063,ABT1,Tier2
1064,ACIN1,Tier2
1065,ACTG1,Tier2
1066,ACTR1A,Tier2
1067,ADSL,Tier2
1068,AHCY,Tier2
1069,AK6,Tier2
1070,ANLN,Tier2
1071,AP2M1,Tier2
1072,AP2S1,Tier2
1073,AQP7,Tier2
1074,ARF4,Tier2
1075,ARFRP1,Tier2
1076,ARPC3,Tier2
1077,ARPC4,Tier2
1078,GET3,Tier2
1079,ATF4,Tier2
1080,ATP1A1,Tier2
1081,ATP5F1A,Tier2
1082,ATP5F1B,Tier2
1083,ATP5F1D,Tier2
1084,ATP5MF,Tier2
1085,ATP5MG,Tier2
1086,ATRIP,Tier2
1087,BARD1,Tier2
1088,BCL2L1,Tier2
1089,BDP1,Tier2
1090,BORA,Tier2
1091,BPTF,Tier2
1092,BUB1,Tier2
1093,C12orf45,Tier2
1094,C19orf53,Tier2
1095,C9orf78,Tier2
1096,CCAR1,Tier2
1097,CCDC107,Tier2
1098,CCDC115,Tier2
1099,CCDC130,Tier2
1100,CCDC174,Tier2
1101,CCDC84,Tier2
1102,CCNB1,Tier2
1103,CD3EAP,Tier2
1104,CD8B,Tier2
1105,CDAN1,Tier2
1106,CDC25A,Tier2
1107,CDIPT,Tier2
1108,CDK12,Tier2
1109,CDK2,Tier2
1110,CENPL,Tier2
1111,CENPT,Tier2
1112,CEP192,Tier2
1113,CFAP20,Tier2
1114,CHCHD1,Tier2
1115,CHD4,Tier2
1116,CHMP3,Tier2
1117,CHMP4B,Tier2
1118,CHMP5,Tier2
1119,CHMP7,Tier2
1120,CIAO1,Tier2
1121,CLEC18C,Tier2
1122,CNIH4,Tier2
1123,CNN2,Tier2
1124,CNOT1,Tier2
1125,COG1,Tier2
1126,COG8,Tier2
1127,COPS3,Tier2
1128,COQ4,Tier2
1129,COX6A1,Tier2
1130,COX7C,Tier2
1131,CPSF4,Tier2
1132,CPSF6,Tier2
1133,CRKL,Tier2
1134,CRLS1,Tier2
1135,CSTF1,Tier2
1136,CTU2,Tier2
1137,CUL3,Tier2
1138,CWF19L2,Tier2
1139,DAP3,Tier2
1140,DCLRE1B,Tier2
1141,DCTN4,Tier2
1142,DDX39B,Tier2
1143,DDX42,Tier2
1144,DDX5,Tier2
1145,DDX51,Tier2
1146,DDX52,Tier2
1147,DDX55,Tier2
1148,DGCR8,Tier2
1149,DHFR2,Tier2
1150,DHX33,Tier2
1151,DHX38,Tier2
1152,DIMT1,Tier2
1153,DIS3,Tier2
1154,DNAJC9,Tier2
1155,DNMT1,Tier2
1156,DNTTIP2,Tier2
1157,DOHH,Tier2
1158,DPAGT1,Tier2
1159,DR1,Tier2
1160,DROSHA,Tier2
1161,DUXA,Tier2
1162,E4F1,Tier2
1163,EAPP,Tier2
1164,EIF1AD,Tier2
1165,EIF2B1,Tier2
1166,EIF3H,Tier2
1167,EIF3J,Tier2
1168,EIF4B,Tier2
1169,EIF4G2,Tier2
1170,ELP2,Tier2
1171,ELP4,Tier2
1172,ELP6,Tier2
1173,EMC3,Tier2
1174,EMC7,Tier2
1175,EP400,Tier2
1176,EPOP,Tier2
1177,EXOC1,Tier2
1178,EXOC3,Tier2
1179,EXOSC1,Tier2
1180,EXOSC10,Tier2
1181,EXOSC6,Tier2
1182,FAM136A,Tier2
1183,FDXR,Tier2
1184,FEN1,Tier2
1185,FNBP4,Tier2
1186,FTSJ3,Tier2
1187,FXN,Tier2
1188,GABPB1,Tier2
1189,GAK,Tier2
1190,GAPDH,Tier2
1191,GAR1,Tier2
1192,GFER,Tier2
1193,GLE1,Tier2
1194,GMPS,Tier2
1195,GNB1L,Tier2
1196,GPR61,Tier2
1197,GRB2,Tier2
1198,GTF2F1,Tier2
1199,GTF2H2,Tier2
1200,GTF2H3,Tier2
1201,GTF2H4,Tier2
1202,GTF3C4,Tier2
1203,GTF3C5,Tier2
1204,H2AX,Tier2
1205,H3-3B,Tier2
1206,HAMP,Tier2
1207,HARS1,Tier2
1208,HGS,Tier2
1209,HIRA,Tier2
1210,H2AC4,Tier2
1211,H2AC6,Tier2
1212,H2AC7,Tier2
1213,H2AC12,Tier2
1214,H2AC15,Tier2
1215,H2AC16,Tier2
1216,H2BC5,Tier2
1217,H2BC8,Tier2
1218,H2AC18,Tier2
1219,H2AC20,Tier2
1220,H2BC18,Tier2
1221,H3C15,Tier2
1222,HMGN2,Tier2
1223,HSCB,Tier2
1224,HSP90B1,Tier2
1225,HSPD1,Tier2
1226,HYOU1,Tier2
1227,IARS2,Tier2
1228,IFITM2,Tier2
1229,IK,Tier2
1230,INO80,Tier2
1231,INTS14,Tier2
1232,INTS6,Tier2
1233,IPO7,Tier2
1234,IPO9,Tier2
1235,ISCA2,Tier2
1236,KANSL1,Tier2
1237,KAT5,Tier2
1238,KDM2A,Tier2
1239,KIF20A,Tier2
1240,KLC2,Tier2
1241,KRT86,Tier2
1242,KTI12,Tier2
1243,LAMTOR2,Tier2
1244,LAMTOR3,Tier2
1245,LCE2A,Tier2
1246,LCE2C,Tier2
1247,LCE5A,Tier2
1248,LENG8,Tier2
1249,LILRA6,Tier2
1250,LRR1,Tier2
1251,LSM10,Tier2
1252,MAD2L1BP,Tier2
1253,MAGOH,Tier2
1254,MARS2,Tier2
1255,MCM10,Tier2
1256,MCMBP,Tier2
1257,MCRS1,Tier2
1258,MED10,Tier2
1259,MED22,Tier2
1260,MED26,Tier2
1261,MED29,Tier2
1262,MED8,Tier2
1263,METAP1,Tier2
1264,METAP2,Tier2
1265,METTL3,Tier2
1266,MFN2,Tier2
1267,MIS12,Tier2
1268,MKRN1,Tier2
1269,MLST8,Tier2
1270,MMS19,Tier2
1271,MNAT1,Tier2
1272,MOB4,Tier2
1273,MOCS3,Tier2
1274,MRPL10,Tier2
1275,MRPL21,Tier2
1276,MRPL27,Tier2
1277,MRPL28,Tier2
1278,MRPL33,Tier2
1279,MRPL36,Tier2
1280,MRPL38,Tier2
1281,MRPL4,Tier2
1282,MRPL41,Tier2
1283,MRPL43,Tier2
1284,MRPL45,Tier2
1285,MRPL49,Tier2
1286,MRPL50,Tier2
1287,MRPL53,Tier2
1288,MRPL55,Tier2
1289,MRPL57,Tier2
1290,MRPS10,Tier2
1291,MRPS11,Tier2
1292,MRPS12,Tier2
1293,MRPS16,Tier2
1294,MRPS18A,Tier2
1295,MRPS22,Tier2
1296,MRPS23,Tier2
1297,MRPS34,Tier2
1298,MRPS35,Tier2
1299,MRPS5,Tier2
1300,MRTO4,Tier2
1301,MSTO1,Tier2
1302,MT1E,Tier2
1303,MTPAP,Tier2
1304,MVD,Tier2
1305,MVK,Tier2
1306,NAA25,Tier2
1307,NAA35,Tier2
1308,NAE1,Tier2
1309,NCAPD2,Tier2
1310,NDC1,Tier2
1311,NDUFA11,Tier2
1312,NDUFA4,Tier2
1313,NDUFAB1,Tier2
1314,NDUFAF8,Tier2
1315,NDUFB7,Tier2
1316,NDUFB9,Tier2
1317,NDUFS5,Tier2
1318,NELFCD,Tier2
1319,NFS1,Tier2
1320,NFYB,Tier2
1321,NGDN,Tier2
1322,NHLRC2,Tier2
1323,NMT1,Tier2
1324,NOC4L,Tier2
1325,NOL11,Tier2
1326,NOL8,Tier2
1327,NOLC1,Tier2
1328,NOP2,Tier2
1329,NOP9,Tier2
1330,NUBP2,Tier2
1331,NUDCD3,Tier2
1332,NUFIP1,Tier2
1333,NUMA1,Tier2
1334,NUP107,Tier2
1335,NUP50,Tier2
1336,NUP58,Tier2
1337,NUP88,Tier2
1338,NXF1,Tier2
1339,ORC4,Tier2
1340,OSBP,Tier2
1341,PA2G4,Tier2
1342,PAF1,Tier2
1343,PDAP1,Tier2
1344,PDCD2,Tier2
1345,PELO,Tier2
1346,PFDN1,Tier2
1347,PFDN5,Tier2
1348,PFN1,Tier2
1349,PGAM1,Tier2
1350,PGD,Tier2
1351,PGS1,Tier2
1352,PI4KA,Tier2
1353,PISD,Tier2
1354,PLA2G10,Tier2
1355,PNO1,Tier2
1356,POLR3H,Tier2
1357,POLRMT,Tier2
1358,POM121C,Tier2
1359,POMP,Tier2
1360,POP7,Tier2
1361,POTEG,Tier2
1362,POTEI,Tier2
1363,POTEM,Tier2
1364,PPARGC1B,Tier2
1365,PPAT,Tier2
1366,PPIAL4G,Tier2
1367,PPIE,Tier2
1368,PPIL1,Tier2
1369,PPP1CA,Tier2
1370,PPP1R10,Tier2
1371,PPP1R15B,Tier2
1372,PPP2CA,Tier2
1373,PPP2R3C,Tier2
1374,PPP4R2,Tier2
1375,PPRC1,Tier2
1376,PRAMEF18,Tier2
1377,PRDM10,Tier2
1378,PRPF3,Tier2
1379,PRPF4B,Tier2
1380,PRRC2A,Tier2
1381,PSMC5,Tier2
1382,PSMG2,Tier2
1383,PTCD3,Tier2
1384,PTMA,Tier2
1385,PTPA,Tier2
1386,PTPN11,Tier2
1387,PTPN23,Tier2
1388,PYURF,Tier2
1389,RABL2A,Tier2
1390,RAD51C,Tier2
1391,RAD51D,Tier2
1392,RAD9A,Tier2
1393,RANBP2,Tier2
1394,RASA4,Tier2
1395,RBM28,Tier2
1396,RBM39,Tier2
1397,RBM42,Tier2
1398,RBM48,Tier2
1399,REV3L,Tier2
1400,RMI1,Tier2
1401,RNF4,Tier2
1402,RNF8,Tier2
1403,ROMO1,Tier2
1404,RPAIN,Tier2
1405,RPL36AL,Tier2
1406,RPP40,Tier2
1407,RPS19BP1,Tier2
1408,RPS25,Tier2
1409,RPS29,Tier2
1410,RPTOR,Tier2
1411,RRP12,Tier2
1412,RTRAF,Tier2
1413,RUVBL1,Tier2
1414,SARS2,Tier2
1415,SART1,Tier2
1416,SDHD,Tier2
1417,SEC16A,Tier2
1418,SEC61A1,Tier2
1419,SEC61B,Tier2
1420,SEC63,Tier2
1421,SFSWAP,Tier2
1422,SKA3,Tier2
1423,SLBP,Tier2
1424,SLC25A3,Tier2
1425,SMAGP,Tier2
1426,SMARCA5,Tier2
1427,SMARCB1,Tier2
1428,SMARCE1,Tier2
1429,SMG6,Tier2
1430,SMR3B,Tier2
1431,SNIP1,Tier2
1432,SNRNP25,Tier2
1433,SNRNP40,Tier2
1434,SNRNP48,Tier2
1435,SOD2,Tier2
1436,SON,Tier2
1437,SOWAHC,Tier2
1438,SPDYE1,Tier2
1439,SPRYD4,Tier2
1440,SRF,Tier2
1441,SRP72,Tier2
1442,SRPRB,Tier2
1443,SRSF10,Tier2
1444,SRSF6,Tier2
1445,STIL,Tier2
1446,STX5,Tier2
1447,SUGT1,Tier2
1448,SUMO2,Tier2
1449,SURF6,Tier2
1450,TADA2A,Tier2
1451,TAF12,Tier2
1452,TAF1A,Tier2
1453,TAF5,Tier2
1454,TAF8,Tier2
1455,TAMM41,Tier2
1456,TARS2,Tier2
1457,TBCC,Tier2
1458,TBCE,Tier2
1459,TBP,Tier2
1460,TCOF1,Tier2
1461,TDGF1,Tier2
1462,TELO2,Tier2
1463,TFAM,Tier2
1464,TFB2M,Tier2
1465,TFDP1,Tier2
1466,TFRC,Tier2
1467,THG1L,Tier2
1468,TIGD1,Tier2
1469,TIMM23,Tier2
1470,TIMM29,Tier2
1471,TLN1,Tier2
1472,TMED2,Tier2
1473,TMEM199,Tier2
1474,TMEM258,Tier2
1475,TOMM20,Tier2
1476,TPI1,Tier2
1477,TPRKB,Tier2
1478,TPT1,Tier2
1479,TRA2B,Tier2
1480,TRAIP,Tier2
1481,TRAPPC4,Tier2
1482,TRMT5,Tier2
1483,TSEN2,Tier2
1484,TSEN34,Tier2
1485,TSEN54,Tier2
1486,TTC4,Tier2
1487,TTF1,Tier2
1488,TTF2,Tier2
1489,UBAP1,Tier2
1490,UBC,Tier2
1491,UBE2C,Tier2
1492,UBE2N,Tier2
1493,UBQLN4,Tier2
1494,UBR4,Tier2
1495,UGT1A6,Tier2
1496,UQCRQ,Tier2
1497,URB2,Tier2
1498,URM1,Tier2
1499,USP37,Tier2
1500,USP7,Tier2
1501,UTP23,Tier2
1502,VDAC1,Tier2
1503,VHL,Tier2
1504,VMP1,Tier2
1505,VPS13D,Tier2
1506,VPS16,Tier2
1507,VPS33A,Tier2
1508,VPS35,Tier2
1509,VPS41,Tier2
1510,VPS51,Tier2
1511,VPS72,Tier2
1512,WBP1,Tier2
1513,WDR1,Tier2
1514,WDR36,Tier2
1515,WDR46,Tier2
1516,WDR55,Tier2
1517,WDR74,Tier2
1518,WDR92,Tier2
1519,WNK1,Tier2
1520,WTAP,Tier2
1521,XPO5,Tier2
1522,XRCC3,Tier2
1523,XRN1,Tier2
1524,YEATS2,Tier2
1525,YEATS4,Tier2
1526,YJEFN3,Tier2
1527,YPEL5,Tier2
1528,YTHDC1,Tier2
1529,ZBTB11,Tier2
1530,ZBTB8OS,Tier2
1531,ZC3H18,Tier2
1532,ZCRB1,Tier2
1533,ZNF468,Tier2
1534,ZNF559,Tier2
1535,ZNF574,Tier2
1536,ZNF720,Tier2
1537,ZNHIT2,Tier2
1538,ZNHIT3,Tier2
1539,ZNHIT6,Tier2
1540,ZNRD1,Tier2
1541,ZWINT,Tier2
1542,CBWD1,Tier2
1543,CLASRP,Tier2
1544,EIF5AL1,Tier2
1545,FAM86C1,Tier2
1546,HMGB1,Tier2
1547,POTEJ,Tier2
1548,RPL29,Tier2
1549,SUMO4,Tier2
1550,YWHAZ,Tier2
1551,AARS2,Tier3
1552,ABHD11,Tier3
1553,ACLY,Tier3
1554,ACOT12,Tier3
1555,ACTR3,Tier3
1556,ADAT3,Tier3
1557,AGAP2,Tier3
1558,AGR3,Tier3
1559,AKR7A3,Tier3
1560,ANAPC15,Tier3
1561,ARHGEF5,Tier3
1562,ARL4D,Tier3
1563,ARMC10,Tier3
1564,ASAH2B,Tier3
1565,ASCC3,Tier3
1566,ASH2L,Tier3
1567,ASS1,Tier3
1568,ATL2,Tier3
1569,ATP23,Tier3
1570,ATP5F1C,Tier3
1571,ATP5MC1,Tier3
1572,ATP5MC2,Tier3
1573,ATP5PB,Tier3
1574,ATP5PD,Tier3
1575,ATP5PO,Tier3
1576,AURKAIP1,Tier3
1577,BAK1,Tier3
1578,BAP1,Tier3
1579,BCCIP,Tier3
1580,BCDIN3D,Tier3
1581,BNIP1,Tier3
1582,BRCA1,Tier3
1583,BRCA2,Tier3
1584,BRD8,Tier3
1585,BTF3,Tier3
1586,C18orf21,Tier3
1587,C1QBP,Tier3
1588,C2orf68,Tier3
1589,CA5A,Tier3
1590,CACNB3,Tier3
1591,CADM4,Tier3
1592,CAMKK2,Tier3
1593,CAMLG,Tier3
1594,CAP1,Tier3
1595,CAST,Tier3
1596,CCDC12,Tier3
1597,CCDC137,Tier3
1598,CCDC144NL,Tier3
1599,CCDC43,Tier3
1600,CCND1,Tier3
1601,CCNL1,Tier3
1602,CDC42SE1,Tier3
1603,CELSR2,Tier3
1604,CEP131,Tier3
1605,CEP85,Tier3
1606,CEP97,Tier3
1607,CFC1,Tier3
1608,CFL1,Tier3
1609,CHCHD5,Tier3
1610,CHTF8,Tier3
1611,CIT,Tier3
1612,CLK2,Tier3
1613,CNOT9,Tier3
1614,COASY,Tier3
1615,COG2,Tier3
1616,COG4,Tier3
1617,COG6,Tier3
1618,COPRS,Tier3
1619,COQ2,Tier3
1620,COX5A,Tier3
1621,COX5B,Tier3
1622,CRCT1,Tier3
1623,CTDNEP1,Tier3
1624,CUL2,Tier3
1625,CWC25,Tier3
1626,CXCL2,Tier3
1627,CYB561,Tier3
1628,CYFIP1,Tier3
1629,CYP2A13,Tier3
1630,DDN,Tier3
1631,DDX1,Tier3
1632,DDX19A,Tier3
1633,DHFR,Tier3
1634,DICER1,Tier3
1635,DLST,Tier3
1636,DNAJA1,Tier3
1637,DNAJC11,Tier3
1638,DNLZ,Tier3
1639,DNM1L,Tier3
1640,DOLK,Tier3
1641,DPF2,Tier3
1642,DPY19L2,Tier3
1643,DRAP1,Tier3
1644,DYNLL1,Tier3
1645,EEF1AKMT3,Tier3
1646,ELF2,Tier3
1647,EMC1,Tier3
1648,EXOC5,Tier3
1649,EXOC8,Tier3
1650,FAM200B,Tier3
1651,DIPK1A,Tier3
1652,FAM83A,Tier3
1653,FBLIM1,Tier3
1654,FBXW11,Tier3
1655,FDPS,Tier3
1656,FECH,Tier3
1657,FPGS,Tier3
1658,GALP,Tier3
1659,GFM1,Tier3
1660,GJA3,Tier3
1661,GLMN,Tier3
1662,GLRX5,Tier3
1663,GON4L,Tier3
1664,GSDMA,Tier3
1665,GSTM3,Tier3
1666,GTF2H2C,Tier3
1667,GTF3C3,Tier3
1668,HAPLN2,Tier3
1669,HAUS2,Tier3
1670,HEXIM1,Tier3
1671,HIGD2A,Tier3
1672,H2AC8,Tier3
1673,H2AC11,Tier3
1674,H2BC14,Tier3
1675,H2BC17,Tier3
1676,H3C3,Tier3
1677,H3C8,Tier3
1678,H3C11,Tier3
1679,H2BC21,Tier3
1680,H3-4,Tier3
1681,HRK,Tier3
1682,HS6ST1,Tier3
1683,ICE2,Tier3
1684,IFNA13,Tier3
1685,IFNL2,Tier3
1686,IL12RB1,Tier3
1687,ING3,Tier3
1688,INHBE,Tier3
1689,INO80B,Tier3
1690,JAZF1,Tier3
1691,KATNB1,Tier3
1692,KCNA10,Tier3
1693,KCNJ12,Tier3
1694,KCNJ9,Tier3
1695,KDM8,Tier3
1696,KIAA0100,Tier3
1697,KIF14,Tier3
1698,KMT5A,Tier3
1699,KRT10,Tier3
1700,KXD1,Tier3
1701,LAMTOR4,Tier3
1702,LCE1C,Tier3
1703,LCE2B,Tier3
1704,LCN8,Tier3
1705,LRPPRC,Tier3
1706,LRRC37A3,Tier3
1707,LRRC37B,Tier3
1708,LSM12,Tier3
1709,LST1,Tier3
1710,MAP1LC3B,Tier3
1711,MAPK10,Tier3
1712,MBTPS1,Tier3
1713,MEAF6,Tier3
1714,MED1,Tier3
1715,METTL17,Tier3
1716,MICOS10,Tier3
1717,MLX,Tier3
1718,MRPL14,Tier3
1719,MRPL16,Tier3
1720,MRPL24,Tier3
1721,MRPL32,Tier3
1722,MRPL35,Tier3
1723,MRPL37,Tier3
1724,MRPL39,Tier3
1725,MRPL46,Tier3
1726,MRPL58,Tier3
1727,MRPL9,Tier3
1728,MRPS15,Tier3
1729,MRPS18B,Tier3
1730,MRPS24,Tier3
1731,MRPS25,Tier3
1732,MRPS27,Tier3
1733,MRPS28,Tier3
1734,MRPS7,Tier3
1735,MRPS9,Tier3
1736,MSL1,Tier3
1737,MT1B,Tier3
1738,MT1H,Tier3
1739,MYO1H,Tier3
1740,NAF1,Tier3
1741,NASP,Tier3
1742,NCOA4,Tier3
1743,NDE1,Tier3
1744,NDUFA13,Tier3
1745,NDUFA2,Tier3
1746,NDUFA6,Tier3
1747,NDUFAF1,Tier3
1748,NDUFAF4,Tier3
1749,NDUFB10,Tier3
1750,NDUFB4,Tier3
1751,NDUFS2,Tier3
1752,NDUFS8,Tier3
1753,NELFE,Tier3
1754,NFATC2IP,Tier3
1755,NKAPD1,Tier3
1756,NOS1AP,Tier3
1757,NPB,Tier3
1758,NPBWR2,Tier3
1759,NSMCE1,Tier3
1760,NSUN4,Tier3
1761,OGDH,Tier3
1762,OLFML3,Tier3
1763,ORC5,Tier3
1764,OXA1L,Tier3
1765,PAICS,Tier3
1766,PARS2,Tier3
1767,PC,Tier3
1768,PCNP,Tier3
1769,PDCD6,Tier3
1770,PDE4DIP,Tier3
1771,PGBD3,Tier3
1772,PGGT1B,Tier3
1773,PHF12,Tier3
1774,PIFO,Tier3
1775,PIP5K1A,Tier3
1776,PLEKHM1,Tier3
1777,PNKP,Tier3
1778,POGZ,Tier3
1779,POLQ,Tier3
1780,POLR3D,Tier3
1781,POU5F1B,Tier3
1782,PPP1R14B,Tier3
1783,PRAC1,Tier3
1784,PRCC,Tier3
1785,PRDX2,Tier3
1786,PRKRA,Tier3
1787,PRKRIP1,Tier3
1788,PRPF39,Tier3
1789,PSME1,Tier3
1790,PSME3,Tier3
1791,PSTK,Tier3
1792,PYM1,Tier3
1793,RAB1B,Tier3
1794,RAB7A,Tier3
1795,RCC1L,Tier3
1796,RELA,Tier3
1797,RFC1,Tier3
1798,RLF,Tier3
1799,RNF123,Tier3
1800,RNF168,Tier3
1801,RNF212B,Tier3
1802,RNF40,Tier3
1803,RRAGA,Tier3
1804,RSAD1,Tier3
1805,RSRC2,Tier3
1806,RTEL1,Tier3
1807,SAP130,Tier3
1808,SARNP,Tier3
1809,SCAP,Tier3
1810,SCD,Tier3
1811,SCG5,Tier3
1812,SCNM1,Tier3
1813,SCYL1,Tier3
1814,SDHAF2,Tier3
1815,SEPSECS,Tier3
1816,SERINC4,Tier3
1817,SLC22A25,Tier3
1818,SLC25A41,Tier3
1819,SLC35E2A,Tier3
1820,SLC39A10,Tier3
1821,SMG7,Tier3
1822,SMIM3,Tier3
1823,SMUG1,Tier3
1824,SPAG5,Tier3
1825,SPDYC,Tier3
1826,SPRR2G,Tier3
1827,SPTLC1,Tier3
1828,SRRM2,Tier3
1829,SSBP3,Tier3
1830,STARD7,Tier3
1831,STAT5A,Tier3
1832,SUDS3,Tier3
1833,SUPT4H1,Tier3
1834,SVBP,Tier3
1835,SYVN1,Tier3
1836,TACC3,Tier3
1837,TAF13,Tier3
1838,TBC1D28,Tier3
1839,TCERG1,Tier3
1840,TCF7,Tier3
1841,TEFM,Tier3
1842,TIMM22,Tier3
1843,TLCD1,Tier3
1844,TLK2,Tier3
1845,TMEM183A,Tier3
1846,TNFRSF8,Tier3
1847,TNNT2,Tier3
1848,TOR2A,Tier3
1849,TRMT10C,Tier3
1850,TRPM7,Tier3
1851,TSFM,Tier3
1852,TUBA3D,Tier3
1853,TUBE1,Tier3
1854,TUBG2,Tier3
1855,TVP23C,Tier3
1856,TWNK,Tier3
1857,UBE2Z,Tier3
1858,UNC50,Tier3
1859,UQCR11,Tier3
1860,UQCRC1,Tier3
1861,UQCRC2,Tier3
1862,UROD,Tier3
1863,USE1,Tier3
1864,VARS2,Tier3
1865,VCL,Tier3
1866,VPS37A,Tier3
1867,VPS52,Tier3
1868,WARS2,Tier3
1869,WASHC2A,Tier3
1870,WDR24,Tier3
1871,WDR48,Tier3
1872,WDR76,Tier3
1873,WDR83,Tier3
1874,WDTC1,Tier3
1875,XPOT,Tier3
1876,YBX3,Tier3
1877,ZC3H13,Tier3
1878,ZFC3H1,Tier3
1879,ZNF141,Tier3
1880,ZNF593,Tier3
1881,ZNF676,Tier3
1882,ZNF730,Tier3
1883,ZNF763,Tier3
1884,ABHD17A,Tier3
1885,ADAM33,Tier3
1886,ARHGAP11A,Tier3
1887,ARPP19,Tier3
1888,ATP5MGL,Tier3
1889,BRAT1,Tier3
1890,BRD7,Tier3
1891,BTF3L4,Tier3
1892,BTNL8,Tier3
1893,C16orf87,Tier3
1894,C17orf49,Tier3
1895,C4orf46,Tier3
1896,CACNG6,Tier3
1897,CD276,Tier3
1898,CD2BP2,Tier3
1899,CDK5,Tier3
1900,CFDP1,Tier3
1901,CHCHD2,Tier3
1902,CIAO2A,Tier3
1903,CKS2,Tier3
1904,CLEC12A,Tier3
1905,CMC1,Tier3
1906,COX20,Tier3
1907,CRYGD,Tier3
1908,CTU1,Tier3
1909,CXXC1,Tier3
1910,DCAF6,Tier3
1911,EEF1AKMT2,Tier3
1912,EEF1D,Tier3
1913,EHMT2,Tier3
1914,FAAP20,Tier3
1915,FAM222B,Tier3
1916,FAM25A,Tier3
1917,FAM91A1,Tier3
1918,GGTLC1,Tier3
1919,GTF2IRD2,Tier3
1920,HNRNPA1L2,Tier3
1921,HSD3B1,Tier3
1922,IL11,Tier3
1923,INTS10,Tier3
1924,LCN15,Tier3
1925,LGALS16,Tier3
1926,LIAS,Tier3
1927,LTB4R,Tier3
1928,LYRM7,Tier3
1929,MCEE,Tier3
1930,MRE11,Tier3
1931,MS4A15,Tier3
1932,MYBL2,Tier3
1933,MYH3,Tier3
1934,MYL12A,Tier3
1935,NANOG,Tier3
1936,NR0B2,Tier3
1937,NSMCE4A,Tier3
1938,OSBPL1A,Tier3
1939,PARL,Tier3
1940,PDCD6IP,Tier3
1941,PDCL,Tier3
1942,PIK3R4,Tier3
1943,PLA2G12A,Tier3
1944,POU5F1,Tier3
1945,PTBP1,Tier3
1946,PTTG1,Tier3
1947,RANBP1,Tier3
1948,RBP3,Tier3
1949,RNF214,Tier3
1950,RPL26L1,Tier3
1951,SCAF1,Tier3
1952,SH3BP5L,Tier3
1953,SINHCAF,Tier3
1954,SKA2,Tier3
1955,SLC16A12,Tier3
1956,SLC25A38,Tier3
1957,STN1,Tier3
1958,TAP1,Tier3
1959,TBC1D10A,Tier3
1960,TEAD3,Tier3
1961,TIGIT,Tier3
1962,TPD52L2,Tier3
1963,TRAPPC13,Tier3
1964,TRIM49D1,Tier3
1965,TRIM61,Tier3
1966,UBE2S,Tier3
1967,UBE2V1,Tier3
1968,UFC1,Tier3
1969,UNC13B,Tier3
1970,USP6,Tier3
1971,VTI1B,Tier3
1972,ZNF236,Tier3
1973,ZNF285,Tier3
1974,ZNF549,Tier3
1975,ZNF780B,Tier3
1976,LLPH,Tier3
1977,TMA7,Tier3
